{
  "students": [
    {
      "name": "guuram123",
      "email": "gvb@gmail.com",
      "password": "123456789",
      "dept": "cse",
      "sec": "A",
      "id": 2
    },
    {
      "active": 1,
      "name": "gurram",
      "email": "ucs17202@rmd.ac.in",
      "password": "123456789",
      "dept": "IR",
      "sec": "A",
      "id": 3
    },
    {
      "active": 1,
      "name": "gurram",
      "email": "yaswanth.gvb@gmail.com",
      "password": "123456789",
      "dept": "cse",
      "sec": "A",
      "id": 4
    }
  ]
}